regionID,regionName,state,metro,stateCodeFIPS,municipalCodeFIPS,sizeRank,date,medianPrice
3101,Los Angeles County,CA,Los Angeles-Long Beach-Anaheim,6,37,1,1996-04,160800
3101,Los Angeles County,CA,Los Angeles-Long Beach-Anaheim,6,37,1,1996-05,160700
3101,Los Angeles County,CA,Los Angeles-Long Beach-Anaheim,6,37,1,1996-06,160600
3101,Los Angeles County,CA,Los Angeles-Long Beach-Anaheim,6,37,1,1996-07,160400
3101,Los Angeles County,CA,Los Angeles-Long Beach-Anaheim,6,37,1,1996-08,160200
3101,Los Angeles County,CA,Los Angeles-Long Beach-Anaheim,6,37,1,1996-09,160100
3101,Los Angeles County,CA,Los Angeles-Long Beach-Anaheim,6,37,1,1996-10,160100
3101,Los Angeles County,CA,Los Angeles-Long Beach-Anaheim,6,37,1,1996-11,160100
3101,Los Angeles County,CA,Los Angeles-Long Beach-Anaheim,6,37,1,1996-12,160500
3101,Los Angeles County,CA,Los Angeles-Long Beach-Anaheim,6,37,1,1997-01,161000
3101,Los Angeles County,CA,Los Angeles-Long Beach-Anaheim,6,37,1,1997-02,161300
3101,Los Angeles County,CA,Los Angeles-Long Beach-Anaheim,6,37,1,1997-03,161400
3101,Los Angeles County,CA,Los Angeles-Long Beach-Anaheim,6,37,1,1997-04,161500
3101,Los Angeles County,CA,Los Angeles-Long Beach-Anaheim,6,37,1,1997-05,161600
3101,Los Angeles County,CA,Los Angeles-Long Beach-Anaheim,6,37,1,1997-06,161700
3101,Los Angeles County,CA,Los Angeles-Long Beach-Anaheim,6,37,1,1997-07,161900
3101,Los Angeles County,CA,Los Angeles-Long Beach-Anaheim,6,37,1,1997-08,162300
3101,Los Angeles County,CA,Los Angeles-Long Beach-Anaheim,6,37,1,1997-09,162800
3101,Los Angeles County,CA,Los Angeles-Long Beach-Anaheim,6,37,1,1997-10,163700
3101,Los Angeles County,CA,Los Angeles-Long Beach-Anaheim,6,37,1,1997-11,164800
3101,Los Angeles County,CA,Los Angeles-Long Beach-Anaheim,6,37,1,1997-12,166400
3101,Los Angeles County,CA,Los Angeles-Long Beach-Anaheim,6,37,1,1998-01,168300
3101,Los Angeles County,CA,Los Angeles-Long Beach-Anaheim,6,37,1,1998-02,170000
3101,Los Angeles County,CA,Los Angeles-Long Beach-Anaheim,6,37,1,1998-03,171400
3101,Los Angeles County,CA,Los Angeles-Long Beach-Anaheim,6,37,1,1998-04,172700
3101,Los Angeles County,CA,Los Angeles-Long Beach-Anaheim,6,37,1,1998-05,173800
3101,Los Angeles County,CA,Los Angeles-Long Beach-Anaheim,6,37,1,1998-06,174700
3101,Los Angeles County,CA,Los Angeles-Long Beach-Anaheim,6,37,1,1998-07,175400
3101,Los Angeles County,CA,Los Angeles-Long Beach-Anaheim,6,37,1,1998-08,176200
3101,Los Angeles County,CA,Los Angeles-Long Beach-Anaheim,6,37,1,1998-09,177100
3101,Los Angeles County,CA,Los Angeles-Long Beach-Anaheim,6,37,1,1998-10,178100
3101,Los Angeles County,CA,Los Angeles-Long Beach-Anaheim,6,37,1,1998-11,179200
3101,Los Angeles County,CA,Los Angeles-Long Beach-Anaheim,6,37,1,1998-12,180600
3101,Los Angeles County,CA,Los Angeles-Long Beach-Anaheim,6,37,1,1999-01,182300
3101,Los Angeles County,CA,Los Angeles-Long Beach-Anaheim,6,37,1,1999-02,183900
3101,Los Angeles County,CA,Los Angeles-Long Beach-Anaheim,6,37,1,1999-03,185200
3101,Los Angeles County,CA,Los Angeles-Long Beach-Anaheim,6,37,1,1999-04,186600
3101,Los Angeles County,CA,Los Angeles-Long Beach-Anaheim,6,37,1,1999-05,188000
3101,Los Angeles County,CA,Los Angeles-Long Beach-Anaheim,6,37,1,1999-06,189400
3101,Los Angeles County,CA,Los Angeles-Long Beach-Anaheim,6,37,1,1999-07,190800
3101,Los Angeles County,CA,Los Angeles-Long Beach-Anaheim,6,37,1,1999-08,192000
3101,Los Angeles County,CA,Los Angeles-Long Beach-Anaheim,6,37,1,1999-09,193200
3101,Los Angeles County,CA,Los Angeles-Long Beach-Anaheim,6,37,1,1999-10,194500
3101,Los Angeles County,CA,Los Angeles-Long Beach-Anaheim,6,37,1,1999-11,195900
3101,Los Angeles County,CA,Los Angeles-Long Beach-Anaheim,6,37,1,1999-12,197600
3101,Los Angeles County,CA,Los Angeles-Long Beach-Anaheim,6,37,1,2000-01,199600
3101,Los Angeles County,CA,Los Angeles-Long Beach-Anaheim,6,37,1,2000-02,201600
3101,Los Angeles County,CA,Los Angeles-Long Beach-Anaheim,6,37,1,2000-03,203400
3101,Los Angeles County,CA,Los Angeles-Long Beach-Anaheim,6,37,1,2000-04,205300
3101,Los Angeles County,CA,Los Angeles-Long Beach-Anaheim,6,37,1,2000-05,207200
3101,Los Angeles County,CA,Los Angeles-Long Beach-Anaheim,6,37,1,2000-06,209200
3101,Los Angeles County,CA,Los Angeles-Long Beach-Anaheim,6,37,1,2000-07,211200
3101,Los Angeles County,CA,Los Angeles-Long Beach-Anaheim,6,37,1,2000-08,213100
3101,Los Angeles County,CA,Los Angeles-Long Beach-Anaheim,6,37,1,2000-09,215100
3101,Los Angeles County,CA,Los Angeles-Long Beach-Anaheim,6,37,1,2000-10,217200
3101,Los Angeles County,CA,Los Angeles-Long Beach-Anaheim,6,37,1,2000-11,219300
3101,Los Angeles County,CA,Los Angeles-Long Beach-Anaheim,6,37,1,2000-12,221500
3101,Los Angeles County,CA,Los Angeles-Long Beach-Anaheim,6,37,1,2001-01,223800
3101,Los Angeles County,CA,Los Angeles-Long Beach-Anaheim,6,37,1,2001-02,226000
3101,Los Angeles County,CA,Los Angeles-Long Beach-Anaheim,6,37,1,2001-03,228100
3101,Los Angeles County,CA,Los Angeles-Long Beach-Anaheim,6,37,1,2001-04,230200
3101,Los Angeles County,CA,Los Angeles-Long Beach-Anaheim,6,37,1,2001-05,232200
3101,Los Angeles County,CA,Los Angeles-Long Beach-Anaheim,6,37,1,2001-06,234300
3101,Los Angeles County,CA,Los Angeles-Long Beach-Anaheim,6,37,1,2001-07,236300
3101,Los Angeles County,CA,Los Angeles-Long Beach-Anaheim,6,37,1,2001-08,238300
3101,Los Angeles County,CA,Los Angeles-Long Beach-Anaheim,6,37,1,2001-09,240300
3101,Los Angeles County,CA,Los Angeles-Long Beach-Anaheim,6,37,1,2001-10,242500
3101,Los Angeles County,CA,Los Angeles-Long Beach-Anaheim,6,37,1,2001-11,244800
3101,Los Angeles County,CA,Los Angeles-Long Beach-Anaheim,6,37,1,2001-12,247400
3101,Los Angeles County,CA,Los Angeles-Long Beach-Anaheim,6,37,1,2002-01,250200
3101,Los Angeles County,CA,Los Angeles-Long Beach-Anaheim,6,37,1,2002-02,253200
3101,Los Angeles County,CA,Los Angeles-Long Beach-Anaheim,6,37,1,2002-03,256400
3101,Los Angeles County,CA,Los Angeles-Long Beach-Anaheim,6,37,1,2002-04,259800
3101,Los Angeles County,CA,Los Angeles-Long Beach-Anaheim,6,37,1,2002-05,263400
3101,Los Angeles County,CA,Los Angeles-Long Beach-Anaheim,6,37,1,2002-06,267300
3101,Los Angeles County,CA,Los Angeles-Long Beach-Anaheim,6,37,1,2002-07,271600
3101,Los Angeles County,CA,Los Angeles-Long Beach-Anaheim,6,37,1,2002-08,276200
3101,Los Angeles County,CA,Los Angeles-Long Beach-Anaheim,6,37,1,2002-09,281000
3101,Los Angeles County,CA,Los Angeles-Long Beach-Anaheim,6,37,1,2002-10,285900
3101,Los Angeles County,CA,Los Angeles-Long Beach-Anaheim,6,37,1,2002-11,291000
3101,Los Angeles County,CA,Los Angeles-Long Beach-Anaheim,6,37,1,2002-12,296000
3101,Los Angeles County,CA,Los Angeles-Long Beach-Anaheim,6,37,1,2003-01,300700
3101,Los Angeles County,CA,Los Angeles-Long Beach-Anaheim,6,37,1,2003-02,305200
3101,Los Angeles County,CA,Los Angeles-Long Beach-Anaheim,6,37,1,2003-03,309800
3101,Los Angeles County,CA,Los Angeles-Long Beach-Anaheim,6,37,1,2003-04,314600
3101,Los Angeles County,CA,Los Angeles-Long Beach-Anaheim,6,37,1,2003-05,319800
3101,Los Angeles County,CA,Los Angeles-Long Beach-Anaheim,6,37,1,2003-06,325400
3101,Los Angeles County,CA,Los Angeles-Long Beach-Anaheim,6,37,1,2003-07,331500
3101,Los Angeles County,CA,Los Angeles-Long Beach-Anaheim,6,37,1,2003-08,337800
3101,Los Angeles County,CA,Los Angeles-Long Beach-Anaheim,6,37,1,2003-09,344400
3101,Los Angeles County,CA,Los Angeles-Long Beach-Anaheim,6,37,1,2003-10,351100
3101,Los Angeles County,CA,Los Angeles-Long Beach-Anaheim,6,37,1,2003-11,358100
3101,Los Angeles County,CA,Los Angeles-Long Beach-Anaheim,6,37,1,2003-12,365500
3101,Los Angeles County,CA,Los Angeles-Long Beach-Anaheim,6,37,1,2004-01,373400
3101,Los Angeles County,CA,Los Angeles-Long Beach-Anaheim,6,37,1,2004-02,381900
3101,Los Angeles County,CA,Los Angeles-Long Beach-Anaheim,6,37,1,2004-03,391200
3101,Los Angeles County,CA,Los Angeles-Long Beach-Anaheim,6,37,1,2004-04,401100
3101,Los Angeles County,CA,Los Angeles-Long Beach-Anaheim,6,37,1,2004-05,411300
3101,Los Angeles County,CA,Los Angeles-Long Beach-Anaheim,6,37,1,2004-06,421600
3101,Los Angeles County,CA,Los Angeles-Long Beach-Anaheim,6,37,1,2004-07,431400
3101,Los Angeles County,CA,Los Angeles-Long Beach-Anaheim,6,37,1,2004-08,440400
3101,Los Angeles County,CA,Los Angeles-Long Beach-Anaheim,6,37,1,2004-09,448800
3101,Los Angeles County,CA,Los Angeles-Long Beach-Anaheim,6,37,1,2004-10,456300
3101,Los Angeles County,CA,Los Angeles-Long Beach-Anaheim,6,37,1,2004-11,463000
3101,Los Angeles County,CA,Los Angeles-Long Beach-Anaheim,6,37,1,2004-12,469100
3101,Los Angeles County,CA,Los Angeles-Long Beach-Anaheim,6,37,1,2005-01,475000
3101,Los Angeles County,CA,Los Angeles-Long Beach-Anaheim,6,37,1,2005-02,480800
3101,Los Angeles County,CA,Los Angeles-Long Beach-Anaheim,6,37,1,2005-03,486800
3101,Los Angeles County,CA,Los Angeles-Long Beach-Anaheim,6,37,1,2005-04,493100
3101,Los Angeles County,CA,Los Angeles-Long Beach-Anaheim,6,37,1,2005-05,499700
3101,Los Angeles County,CA,Los Angeles-Long Beach-Anaheim,6,37,1,2005-06,506700
3101,Los Angeles County,CA,Los Angeles-Long Beach-Anaheim,6,37,1,2005-07,514300
3101,Los Angeles County,CA,Los Angeles-Long Beach-Anaheim,6,37,1,2005-08,521800
3101,Los Angeles County,CA,Los Angeles-Long Beach-Anaheim,6,37,1,2005-09,529400
3101,Los Angeles County,CA,Los Angeles-Long Beach-Anaheim,6,37,1,2005-10,536900
3101,Los Angeles County,CA,Los Angeles-Long Beach-Anaheim,6,37,1,2005-11,543700
3101,Los Angeles County,CA,Los Angeles-Long Beach-Anaheim,6,37,1,2005-12,549800
3101,Los Angeles County,CA,Los Angeles-Long Beach-Anaheim,6,37,1,2006-01,555200
3101,Los Angeles County,CA,Los Angeles-Long Beach-Anaheim,6,37,1,2006-02,560000
3101,Los Angeles County,CA,Los Angeles-Long Beach-Anaheim,6,37,1,2006-03,564700
3101,Los Angeles County,CA,Los Angeles-Long Beach-Anaheim,6,37,1,2006-04,568900
3101,Los Angeles County,CA,Los Angeles-Long Beach-Anaheim,6,37,1,2006-05,572500
3101,Los Angeles County,CA,Los Angeles-Long Beach-Anaheim,6,37,1,2006-06,575100
3101,Los Angeles County,CA,Los Angeles-Long Beach-Anaheim,6,37,1,2006-07,576200
3101,Los Angeles County,CA,Los Angeles-Long Beach-Anaheim,6,37,1,2006-08,575300
3101,Los Angeles County,CA,Los Angeles-Long Beach-Anaheim,6,37,1,2006-09,573300
3101,Los Angeles County,CA,Los Angeles-Long Beach-Anaheim,6,37,1,2006-10,571100
3101,Los Angeles County,CA,Los Angeles-Long Beach-Anaheim,6,37,1,2006-11,568500
3101,Los Angeles County,CA,Los Angeles-Long Beach-Anaheim,6,37,1,2006-12,566000
3101,Los Angeles County,CA,Los Angeles-Long Beach-Anaheim,6,37,1,2007-01,563700
3101,Los Angeles County,CA,Los Angeles-Long Beach-Anaheim,6,37,1,2007-02,561400
3101,Los Angeles County,CA,Los Angeles-Long Beach-Anaheim,6,37,1,2007-03,558800
3101,Los Angeles County,CA,Los Angeles-Long Beach-Anaheim,6,37,1,2007-04,555700
3101,Los Angeles County,CA,Los Angeles-Long Beach-Anaheim,6,37,1,2007-05,552100
3101,Los Angeles County,CA,Los Angeles-Long Beach-Anaheim,6,37,1,2007-06,548000
3101,Los Angeles County,CA,Los Angeles-Long Beach-Anaheim,6,37,1,2007-07,543100
3101,Los Angeles County,CA,Los Angeles-Long Beach-Anaheim,6,37,1,2007-08,536900
3101,Los Angeles County,CA,Los Angeles-Long Beach-Anaheim,6,37,1,2007-09,530300
3101,Los Angeles County,CA,Los Angeles-Long Beach-Anaheim,6,37,1,2007-10,523700
3101,Los Angeles County,CA,Los Angeles-Long Beach-Anaheim,6,37,1,2007-11,517100
3101,Los Angeles County,CA,Los Angeles-Long Beach-Anaheim,6,37,1,2007-12,510400
3101,Los Angeles County,CA,Los Angeles-Long Beach-Anaheim,6,37,1,2008-01,503500
3101,Los Angeles County,CA,Los Angeles-Long Beach-Anaheim,6,37,1,2008-02,495700
3101,Los Angeles County,CA,Los Angeles-Long Beach-Anaheim,6,37,1,2008-03,486700
3101,Los Angeles County,CA,Los Angeles-Long Beach-Anaheim,6,37,1,2008-04,476000
3101,Los Angeles County,CA,Los Angeles-Long Beach-Anaheim,6,37,1,2008-05,464800
3101,Los Angeles County,CA,Los Angeles-Long Beach-Anaheim,6,37,1,2008-06,454000
3101,Los Angeles County,CA,Los Angeles-Long Beach-Anaheim,6,37,1,2008-07,445300
3101,Los Angeles County,CA,Los Angeles-Long Beach-Anaheim,6,37,1,2008-08,438600
3101,Los Angeles County,CA,Los Angeles-Long Beach-Anaheim,6,37,1,2008-09,433200
3101,Los Angeles County,CA,Los Angeles-Long Beach-Anaheim,6,37,1,2008-10,427800
3101,Los Angeles County,CA,Los Angeles-Long Beach-Anaheim,6,37,1,2008-11,422800
3101,Los Angeles County,CA,Los Angeles-Long Beach-Anaheim,6,37,1,2008-12,418000
3101,Los Angeles County,CA,Los Angeles-Long Beach-Anaheim,6,37,1,2009-01,413800
3101,Los Angeles County,CA,Los Angeles-Long Beach-Anaheim,6,37,1,2009-02,409300
3101,Los Angeles County,CA,Los Angeles-Long Beach-Anaheim,6,37,1,2009-03,404200
3101,Los Angeles County,CA,Los Angeles-Long Beach-Anaheim,6,37,1,2009-04,398400
3101,Los Angeles County,CA,Los Angeles-Long Beach-Anaheim,6,37,1,2009-05,392200
3101,Los Angeles County,CA,Los Angeles-Long Beach-Anaheim,6,37,1,2009-06,387400
3101,Los Angeles County,CA,Los Angeles-Long Beach-Anaheim,6,37,1,2009-07,385700
3101,Los Angeles County,CA,Los Angeles-Long Beach-Anaheim,6,37,1,2009-08,386000
3101,Los Angeles County,CA,Los Angeles-Long Beach-Anaheim,6,37,1,2009-09,387000
3101,Los Angeles County,CA,Los Angeles-Long Beach-Anaheim,6,37,1,2009-10,388500
3101,Los Angeles County,CA,Los Angeles-Long Beach-Anaheim,6,37,1,2009-11,389900
3101,Los Angeles County,CA,Los Angeles-Long Beach-Anaheim,6,37,1,2009-12,391300
3101,Los Angeles County,CA,Los Angeles-Long Beach-Anaheim,6,37,1,2010-01,392500
3101,Los Angeles County,CA,Los Angeles-Long Beach-Anaheim,6,37,1,2010-02,393100
3101,Los Angeles County,CA,Los Angeles-Long Beach-Anaheim,6,37,1,2010-03,392100
3101,Los Angeles County,CA,Los Angeles-Long Beach-Anaheim,6,37,1,2010-04,392000
3101,Los Angeles County,CA,Los Angeles-Long Beach-Anaheim,6,37,1,2010-05,393300
3101,Los Angeles County,CA,Los Angeles-Long Beach-Anaheim,6,37,1,2010-06,393200
3101,Los Angeles County,CA,Los Angeles-Long Beach-Anaheim,6,37,1,2010-07,390300
3101,Los Angeles County,CA,Los Angeles-Long Beach-Anaheim,6,37,1,2010-08,388200
3101,Los Angeles County,CA,Los Angeles-Long Beach-Anaheim,6,37,1,2010-09,386200
3101,Los Angeles County,CA,Los Angeles-Long Beach-Anaheim,6,37,1,2010-10,384100
3101,Los Angeles County,CA,Los Angeles-Long Beach-Anaheim,6,37,1,2010-11,382100
3101,Los Angeles County,CA,Los Angeles-Long Beach-Anaheim,6,37,1,2010-12,380300
3101,Los Angeles County,CA,Los Angeles-Long Beach-Anaheim,6,37,1,2011-01,377400
3101,Los Angeles County,CA,Los Angeles-Long Beach-Anaheim,6,37,1,2011-02,374600
3101,Los Angeles County,CA,Los Angeles-Long Beach-Anaheim,6,37,1,2011-03,372500
3101,Los Angeles County,CA,Los Angeles-Long Beach-Anaheim,6,37,1,2011-04,370400
3101,Los Angeles County,CA,Los Angeles-Long Beach-Anaheim,6,37,1,2011-05,368000
3101,Los Angeles County,CA,Los Angeles-Long Beach-Anaheim,6,37,1,2011-06,366300
3101,Los Angeles County,CA,Los Angeles-Long Beach-Anaheim,6,37,1,2011-07,364600
3101,Los Angeles County,CA,Los Angeles-Long Beach-Anaheim,6,37,1,2011-08,361700
3101,Los Angeles County,CA,Los Angeles-Long Beach-Anaheim,6,37,1,2011-09,358800
3101,Los Angeles County,CA,Los Angeles-Long Beach-Anaheim,6,37,1,2011-10,356400
3101,Los Angeles County,CA,Los Angeles-Long Beach-Anaheim,6,37,1,2011-11,354100
3101,Los Angeles County,CA,Los Angeles-Long Beach-Anaheim,6,37,1,2011-12,352300
3101,Los Angeles County,CA,Los Angeles-Long Beach-Anaheim,6,37,1,2012-01,351300
3101,Los Angeles County,CA,Los Angeles-Long Beach-Anaheim,6,37,1,2012-02,350900
3101,Los Angeles County,CA,Los Angeles-Long Beach-Anaheim,6,37,1,2012-03,351700
3101,Los Angeles County,CA,Los Angeles-Long Beach-Anaheim,6,37,1,2012-04,354200
3101,Los Angeles County,CA,Los Angeles-Long Beach-Anaheim,6,37,1,2012-05,357500
3101,Los Angeles County,CA,Los Angeles-Long Beach-Anaheim,6,37,1,2012-06,360000
3101,Los Angeles County,CA,Los Angeles-Long Beach-Anaheim,6,37,1,2012-07,362100
3101,Los Angeles County,CA,Los Angeles-Long Beach-Anaheim,6,37,1,2012-08,363900
3101,Los Angeles County,CA,Los Angeles-Long Beach-Anaheim,6,37,1,2012-09,366100
3101,Los Angeles County,CA,Los Angeles-Long Beach-Anaheim,6,37,1,2012-10,369000
3101,Los Angeles County,CA,Los Angeles-Long Beach-Anaheim,6,37,1,2012-11,373600
3101,Los Angeles County,CA,Los Angeles-Long Beach-Anaheim,6,37,1,2012-12,377900
3101,Los Angeles County,CA,Los Angeles-Long Beach-Anaheim,6,37,1,2013-01,381400
3101,Los Angeles County,CA,Los Angeles-Long Beach-Anaheim,6,37,1,2013-02,386400
3101,Los Angeles County,CA,Los Angeles-Long Beach-Anaheim,6,37,1,2013-03,394300
3101,Los Angeles County,CA,Los Angeles-Long Beach-Anaheim,6,37,1,2013-04,402300
3101,Los Angeles County,CA,Los Angeles-Long Beach-Anaheim,6,37,1,2013-05,410000
3101,Los Angeles County,CA,Los Angeles-Long Beach-Anaheim,6,37,1,2013-06,417500
3101,Los Angeles County,CA,Los Angeles-Long Beach-Anaheim,6,37,1,2013-07,424500
3101,Los Angeles County,CA,Los Angeles-Long Beach-Anaheim,6,37,1,2013-08,430500
3101,Los Angeles County,CA,Los Angeles-Long Beach-Anaheim,6,37,1,2013-09,435300
3101,Los Angeles County,CA,Los Angeles-Long Beach-Anaheim,6,37,1,2013-10,438700
3101,Los Angeles County,CA,Los Angeles-Long Beach-Anaheim,6,37,1,2013-11,441300
3101,Los Angeles County,CA,Los Angeles-Long Beach-Anaheim,6,37,1,2013-12,443200
3101,Los Angeles County,CA,Los Angeles-Long Beach-Anaheim,6,37,1,2014-01,444900
3101,Los Angeles County,CA,Los Angeles-Long Beach-Anaheim,6,37,1,2014-02,447300
3101,Los Angeles County,CA,Los Angeles-Long Beach-Anaheim,6,37,1,2014-03,450300
3101,Los Angeles County,CA,Los Angeles-Long Beach-Anaheim,6,37,1,2014-04,453200
3101,Los Angeles County,CA,Los Angeles-Long Beach-Anaheim,6,37,1,2014-05,455800
3101,Los Angeles County,CA,Los Angeles-Long Beach-Anaheim,6,37,1,2014-06,458800
3101,Los Angeles County,CA,Los Angeles-Long Beach-Anaheim,6,37,1,2014-07,461800
3101,Los Angeles County,CA,Los Angeles-Long Beach-Anaheim,6,37,1,2014-08,463700
3101,Los Angeles County,CA,Los Angeles-Long Beach-Anaheim,6,37,1,2014-09,464800
3101,Los Angeles County,CA,Los Angeles-Long Beach-Anaheim,6,37,1,2014-10,466200
3101,Los Angeles County,CA,Los Angeles-Long Beach-Anaheim,6,37,1,2014-11,467300
3101,Los Angeles County,CA,Los Angeles-Long Beach-Anaheim,6,37,1,2014-12,469300
3101,Los Angeles County,CA,Los Angeles-Long Beach-Anaheim,6,37,1,2015-01,472800
3101,Los Angeles County,CA,Los Angeles-Long Beach-Anaheim,6,37,1,2015-02,476800
3101,Los Angeles County,CA,Los Angeles-Long Beach-Anaheim,6,37,1,2015-03,479600
3101,Los Angeles County,CA,Los Angeles-Long Beach-Anaheim,6,37,1,2015-04,482200
3101,Los Angeles County,CA,Los Angeles-Long Beach-Anaheim,6,37,1,2015-05,485100
3101,Los Angeles County,CA,Los Angeles-Long Beach-Anaheim,6,37,1,2015-06,488100
3101,Los Angeles County,CA,Los Angeles-Long Beach-Anaheim,6,37,1,2015-07,491000
3101,Los Angeles County,CA,Los Angeles-Long Beach-Anaheim,6,37,1,2015-08,493800
3101,Los Angeles County,CA,Los Angeles-Long Beach-Anaheim,6,37,1,2015-09,497000
3101,Los Angeles County,CA,Los Angeles-Long Beach-Anaheim,6,37,1,2015-10,500600
3101,Los Angeles County,CA,Los Angeles-Long Beach-Anaheim,6,37,1,2015-11,504000
3101,Los Angeles County,CA,Los Angeles-Long Beach-Anaheim,6,37,1,2015-12,507900
3101,Los Angeles County,CA,Los Angeles-Long Beach-Anaheim,6,37,1,2016-01,512200
3101,Los Angeles County,CA,Los Angeles-Long Beach-Anaheim,6,37,1,2016-02,515200
3101,Los Angeles County,CA,Los Angeles-Long Beach-Anaheim,6,37,1,2016-03,517800
3101,Los Angeles County,CA,Los Angeles-Long Beach-Anaheim,6,37,1,2016-04,520700
3101,Los Angeles County,CA,Los Angeles-Long Beach-Anaheim,6,37,1,2016-05,522800
3101,Los Angeles County,CA,Los Angeles-Long Beach-Anaheim,6,37,1,2016-06,525000
3101,Los Angeles County,CA,Los Angeles-Long Beach-Anaheim,6,37,1,2016-07,528600
3101,Los Angeles County,CA,Los Angeles-Long Beach-Anaheim,6,37,1,2016-08,533400
3101,Los Angeles County,CA,Los Angeles-Long Beach-Anaheim,6,37,1,2016-09,538300
3101,Los Angeles County,CA,Los Angeles-Long Beach-Anaheim,6,37,1,2016-10,542000
3101,Los Angeles County,CA,Los Angeles-Long Beach-Anaheim,6,37,1,2016-11,545200
3101,Los Angeles County,CA,Los Angeles-Long Beach-Anaheim,6,37,1,2016-12,549400
3101,Los Angeles County,CA,Los Angeles-Long Beach-Anaheim,6,37,1,2017-01,553600
3101,Los Angeles County,CA,Los Angeles-Long Beach-Anaheim,6,37,1,2017-02,556300
3101,Los Angeles County,CA,Los Angeles-Long Beach-Anaheim,6,37,1,2017-03,558700
3101,Los Angeles County,CA,Los Angeles-Long Beach-Anaheim,6,37,1,2017-04,561100
3101,Los Angeles County,CA,Los Angeles-Long Beach-Anaheim,6,37,1,2017-05,563400
3101,Los Angeles County,CA,Los Angeles-Long Beach-Anaheim,6,37,1,2017-06,566000
3101,Los Angeles County,CA,Los Angeles-Long Beach-Anaheim,6,37,1,2017-07,569100
3101,Los Angeles County,CA,Los Angeles-Long Beach-Anaheim,6,37,1,2017-08,573100
3101,Los Angeles County,CA,Los Angeles-Long Beach-Anaheim,6,37,1,2017-09,577400
3101,Los Angeles County,CA,Los Angeles-Long Beach-Anaheim,6,37,1,2017-10,581500
3101,Los Angeles County,CA,Los Angeles-Long Beach-Anaheim,6,37,1,2017-11,585100
3101,Los Angeles County,CA,Los Angeles-Long Beach-Anaheim,6,37,1,2017-12,589200
3101,Los Angeles County,CA,Los Angeles-Long Beach-Anaheim,6,37,1,2018-01,594700
3101,Los Angeles County,CA,Los Angeles-Long Beach-Anaheim,6,37,1,2018-02,600600
3101,Los Angeles County,CA,Los Angeles-Long Beach-Anaheim,6,37,1,2018-03,603600
3101,Los Angeles County,CA,Los Angeles-Long Beach-Anaheim,6,37,1,2018-04,604400
3101,Los Angeles County,CA,Los Angeles-Long Beach-Anaheim,6,37,1,2018-05,605100
3101,Los Angeles County,CA,Los Angeles-Long Beach-Anaheim,6,37,1,2018-06,606400
3101,Los Angeles County,CA,Los Angeles-Long Beach-Anaheim,6,37,1,2018-07,607600
3101,Los Angeles County,CA,Los Angeles-Long Beach-Anaheim,6,37,1,2018-08,609200
3101,Los Angeles County,CA,Los Angeles-Long Beach-Anaheim,6,37,1,2018-09,611700
3101,Los Angeles County,CA,Los Angeles-Long Beach-Anaheim,6,37,1,2018-10,615100
3101,Los Angeles County,CA,Los Angeles-Long Beach-Anaheim,6,37,1,2018-11,617900
3101,Los Angeles County,CA,Los Angeles-Long Beach-Anaheim,6,37,1,2018-12,620300
3101,Los Angeles County,CA,Los Angeles-Long Beach-Anaheim,6,37,1,2019-01,623200
3101,Los Angeles County,CA,Los Angeles-Long Beach-Anaheim,6,37,1,2019-02,624400
3101,Los Angeles County,CA,Los Angeles-Long Beach-Anaheim,6,37,1,2019-03,623200
3101,Los Angeles County,CA,Los Angeles-Long Beach-Anaheim,6,37,1,2019-04,621800
3101,Los Angeles County,CA,Los Angeles-Long Beach-Anaheim,6,37,1,2019-05,621600
3101,Los Angeles County,CA,Los Angeles-Long Beach-Anaheim,6,37,1,2019-06,621000
3101,Los Angeles County,CA,Los Angeles-Long Beach-Anaheim,6,37,1,2019-07,620800
3101,Los Angeles County,CA,Los Angeles-Long Beach-Anaheim,6,37,1,2019-08,621600
102001,United States,null,null,null,null,0,1996-04,100000
102001,United States,null,null,null,null,0,1996-05,100100
102001,United States,null,null,null,null,0,1996-06,100300
102001,United States,null,null,null,null,0,1996-07,100500
102001,United States,null,null,null,null,0,1996-08,100800
102001,United States,null,null,null,null,0,1996-09,101000
102001,United States,null,null,null,null,0,1996-10,101300
102001,United States,null,null,null,null,0,1996-11,101500
102001,United States,null,null,null,null,0,1996-12,101900
102001,United States,null,null,null,null,0,1997-01,102200
102001,United States,null,null,null,null,0,1997-02,102500
102001,United States,null,null,null,null,0,1997-03,102800
102001,United States,null,null,null,null,0,1997-04,103000
102001,United States,null,null,null,null,0,1997-05,103300
102001,United States,null,null,null,null,0,1997-06,103600
102001,United States,null,null,null,null,0,1997-07,104000
102001,United States,null,null,null,null,0,1997-08,104400
102001,United States,null,null,null,null,0,1997-09,104700
102001,United States,null,null,null,null,0,1997-10,105200
102001,United States,null,null,null,null,0,1997-11,105600
102001,United States,null,null,null,null,0,1997-12,106100
102001,United States,null,null,null,null,0,1998-01,106600
102001,United States,null,null,null,null,0,1998-02,107200
102001,United States,null,null,null,null,0,1998-03,107700
102001,United States,null,null,null,null,0,1998-04,108200
102001,United States,null,null,null,null,0,1998-05,108800
102001,United States,null,null,null,null,0,1998-06,109400
102001,United States,null,null,null,null,0,1998-07,110000
102001,United States,null,null,null,null,0,1998-08,110600
102001,United States,null,null,null,null,0,1998-09,111100
102001,United States,null,null,null,null,0,1998-10,111700
102001,United States,null,null,null,null,0,1998-11,112300
102001,United States,null,null,null,null,0,1998-12,112900
102001,United States,null,null,null,null,0,1999-01,113500
102001,United States,null,null,null,null,0,1999-02,114000
102001,United States,null,null,null,null,0,1999-03,114400
102001,United States,null,null,null,null,0,1999-04,114900
102001,United States,null,null,null,null,0,1999-05,115400
102001,United States,null,null,null,null,0,1999-06,116100
102001,United States,null,null,null,null,0,1999-07,116800
102001,United States,null,null,null,null,0,1999-08,117500
102001,United States,null,null,null,null,0,1999-09,118300
102001,United States,null,null,null,null,0,1999-10,119000
102001,United States,null,null,null,null,0,1999-11,119700
102001,United States,null,null,null,null,0,1999-12,120600
102001,United States,null,null,null,null,0,2000-01,121500
102001,United States,null,null,null,null,0,2000-02,122300
102001,United States,null,null,null,null,0,2000-03,123000
102001,United States,null,null,null,null,0,2000-04,123600
102001,United States,null,null,null,null,0,2000-05,124200
102001,United States,null,null,null,null,0,2000-06,124800
102001,United States,null,null,null,null,0,2000-07,125300
102001,United States,null,null,null,null,0,2000-08,125800
102001,United States,null,null,null,null,0,2000-09,126200
102001,United States,null,null,null,null,0,2000-10,126700
102001,United States,null,null,null,null,0,2000-11,127200
102001,United States,null,null,null,null,0,2000-12,127900
102001,United States,null,null,null,null,0,2001-01,128600
102001,United States,null,null,null,null,0,2001-02,129300
102001,United States,null,null,null,null,0,2001-03,129900
102001,United States,null,null,null,null,0,2001-04,130600
102001,United States,null,null,null,null,0,2001-05,131200
102001,United States,null,null,null,null,0,2001-06,131700
102001,United States,null,null,null,null,0,2001-07,132200
102001,United States,null,null,null,null,0,2001-08,132800
102001,United States,null,null,null,null,0,2001-09,133300
102001,United States,null,null,null,null,0,2001-10,133900
102001,United States,null,null,null,null,0,2001-11,134600
102001,United States,null,null,null,null,0,2001-12,135200
102001,United States,null,null,null,null,0,2002-01,136000
102001,United States,null,null,null,null,0,2002-02,136700
102001,United States,null,null,null,null,0,2002-03,137400
102001,United States,null,null,null,null,0,2002-04,138100
102001,United States,null,null,null,null,0,2002-05,138800
102001,United States,null,null,null,null,0,2002-06,139500
102001,United States,null,null,null,null,0,2002-07,140100
102001,United States,null,null,null,null,0,2002-08,140800
102001,United States,null,null,null,null,0,2002-09,141500
102001,United States,null,null,null,null,0,2002-10,142300
102001,United States,null,null,null,null,0,2002-11,143200
102001,United States,null,null,null,null,0,2002-12,144000
102001,United States,null,null,null,null,0,2003-01,144800
102001,United States,null,null,null,null,0,2003-02,145500
102001,United States,null,null,null,null,0,2003-03,146200
102001,United States,null,null,null,null,0,2003-04,147100
102001,United States,null,null,null,null,0,2003-05,147900
102001,United States,null,null,null,null,0,2003-06,148800
102001,United States,null,null,null,null,0,2003-07,149700
102001,United States,null,null,null,null,0,2003-08,150600
102001,United States,null,null,null,null,0,2003-09,151600
102001,United States,null,null,null,null,0,2003-10,152600
102001,United States,null,null,null,null,0,2003-11,153800
102001,United States,null,null,null,null,0,2003-12,154900
102001,United States,null,null,null,null,0,2004-01,156100
102001,United States,null,null,null,null,0,2004-02,157400
102001,United States,null,null,null,null,0,2004-03,158700
102001,United States,null,null,null,null,0,2004-04,160100
102001,United States,null,null,null,null,0,2004-05,161600
102001,United States,null,null,null,null,0,2004-06,163100
102001,United States,null,null,null,null,0,2004-07,164800
102001,United States,null,null,null,null,0,2004-08,166400
102001,United States,null,null,null,null,0,2004-09,167900
102001,United States,null,null,null,null,0,2004-10,169300
102001,United States,null,null,null,null,0,2004-11,170700
102001,United States,null,null,null,null,0,2004-12,172000
102001,United States,null,null,null,null,0,2005-01,173200
102001,United States,null,null,null,null,0,2005-02,174400
102001,United States,null,null,null,null,0,2005-03,175700
102001,United States,null,null,null,null,0,2005-04,177100
102001,United States,null,null,null,null,0,2005-05,178700
102001,United States,null,null,null,null,0,2005-06,180300
102001,United States,null,null,null,null,0,2005-07,182000
102001,United States,null,null,null,null,0,2005-08,183700
102001,United States,null,null,null,null,0,2005-09,185300
102001,United States,null,null,null,null,0,2005-10,186800
102001,United States,null,null,null,null,0,2005-11,188200
102001,United States,null,null,null,null,0,2005-12,189600
102001,United States,null,null,null,null,0,2006-01,190900
102001,United States,null,null,null,null,0,2006-02,192100
102001,United States,null,null,null,null,0,2006-03,193300
102001,United States,null,null,null,null,0,2006-04,194500
102001,United States,null,null,null,null,0,2006-05,195500
102001,United States,null,null,null,null,0,2006-06,196600
102001,United States,null,null,null,null,0,2006-07,197500
102001,United States,null,null,null,null,0,2006-08,198200
102001,United States,null,null,null,null,0,2006-09,198700
102001,United States,null,null,null,null,0,2006-10,199100
102001,United States,null,null,null,null,0,2006-11,199300
102001,United States,null,null,null,null,0,2006-12,199500
102001,United States,null,null,null,null,0,2007-01,199700
102001,United States,null,null,null,null,0,2007-02,199900
102001,United States,null,null,null,null,0,2007-03,200100
102001,United States,null,null,null,null,0,2007-04,200400
102001,United States,null,null,null,null,0,2007-05,200500
102001,United States,null,null,null,null,0,2007-06,200000
102001,United States,null,null,null,null,0,2007-07,199200
102001,United States,null,null,null,null,0,2007-08,198400
102001,United States,null,null,null,null,0,2007-09,197600
102001,United States,null,null,null,null,0,2007-10,196700
102001,United States,null,null,null,null,0,2007-11,195700
102001,United States,null,null,null,null,0,2007-12,194600
102001,United States,null,null,null,null,0,2008-01,193300
102001,United States,null,null,null,null,0,2008-02,191900
102001,United States,null,null,null,null,0,2008-03,190400
102001,United States,null,null,null,null,0,2008-04,188800
102001,United States,null,null,null,null,0,2008-05,187000
102001,United States,null,null,null,null,0,2008-06,185100
102001,United States,null,null,null,null,0,2008-07,183400
102001,United States,null,null,null,null,0,2008-08,181600
102001,United States,null,null,null,null,0,2008-09,180000
102001,United States,null,null,null,null,0,2008-10,178500
102001,United States,null,null,null,null,0,2008-11,177000
102001,United States,null,null,null,null,0,2008-12,175600
102001,United States,null,null,null,null,0,2009-01,174300
102001,United States,null,null,null,null,0,2009-02,173000
102001,United States,null,null,null,null,0,2009-03,171600
102001,United States,null,null,null,null,0,2009-04,170100
102001,United States,null,null,null,null,0,2009-05,168500
102001,United States,null,null,null,null,0,2009-06,166900
102001,United States,null,null,null,null,0,2009-07,165700
102001,United States,null,null,null,null,0,2009-08,164700
102001,United States,null,null,null,null,0,2009-09,164000
102001,United States,null,null,null,null,0,2009-10,163400
102001,United States,null,null,null,null,0,2009-11,163100
102001,United States,null,null,null,null,0,2009-12,163000
102001,United States,null,null,null,null,0,2010-01,163000
102001,United States,null,null,null,null,0,2010-02,163200
102001,United States,null,null,null,null,0,2010-03,162800
102001,United States,null,null,null,null,0,2010-04,161900
102001,United States,null,null,null,null,0,2010-05,161500
102001,United States,null,null,null,null,0,2010-06,161400
102001,United States,null,null,null,null,0,2010-07,160900
102001,United States,null,null,null,null,0,2010-08,160200
102001,United States,null,null,null,null,0,2010-09,159400
102001,United States,null,null,null,null,0,2010-10,158500
102001,United States,null,null,null,null,0,2010-11,157600
102001,United States,null,null,null,null,0,2010-12,156600
102001,United States,null,null,null,null,0,2011-01,155300
102001,United States,null,null,null,null,0,2011-02,154300
102001,United States,null,null,null,null,0,2011-03,153500
102001,United States,null,null,null,null,0,2011-04,152900
102001,United States,null,null,null,null,0,2011-05,152300
102001,United States,null,null,null,null,0,2011-06,151600
102001,United States,null,null,null,null,0,2011-07,151000
102001,United States,null,null,null,null,0,2011-08,150500
102001,United States,null,null,null,null,0,2011-09,150000
102001,United States,null,null,null,null,0,2011-10,149600
102001,United States,null,null,null,null,0,2011-11,149400
102001,United States,null,null,null,null,0,2011-12,149200
102001,United States,null,null,null,null,0,2012-01,148900
102001,United States,null,null,null,null,0,2012-02,148700
102001,United States,null,null,null,null,0,2012-03,148900
102001,United States,null,null,null,null,0,2012-04,149200
102001,United States,null,null,null,null,0,2012-05,149600
102001,United States,null,null,null,null,0,2012-06,149900
102001,United States,null,null,null,null,0,2012-07,150300
102001,United States,null,null,null,null,0,2012-08,150900
102001,United States,null,null,null,null,0,2012-09,151500
102001,United States,null,null,null,null,0,2012-10,152000
102001,United States,null,null,null,null,0,2012-11,152400
102001,United States,null,null,null,null,0,2012-12,153100
102001,United States,null,null,null,null,0,2013-01,153800
102001,United States,null,null,null,null,0,2013-02,154400
102001,United States,null,null,null,null,0,2013-03,155200
102001,United States,null,null,null,null,0,2013-04,156200
102001,United States,null,null,null,null,0,2013-05,157100
102001,United States,null,null,null,null,0,2013-06,158100
102001,United States,null,null,null,null,0,2013-07,159300
102001,United States,null,null,null,null,0,2013-08,160300
102001,United States,null,null,null,null,0,2013-09,161200
102001,United States,null,null,null,null,0,2013-10,162200
102001,United States,null,null,null,null,0,2013-11,163000
102001,United States,null,null,null,null,0,2013-12,163700
102001,United States,null,null,null,null,0,2014-01,164500
102001,United States,null,null,null,null,0,2014-02,165100
102001,United States,null,null,null,null,0,2014-03,165800
102001,United States,null,null,null,null,0,2014-04,166600
102001,United States,null,null,null,null,0,2014-05,167300
102001,United States,null,null,null,null,0,2014-06,167900
102001,United States,null,null,null,null,0,2014-07,168700
102001,United States,null,null,null,null,0,2014-08,169400
102001,United States,null,null,null,null,0,2014-09,170000
102001,United States,null,null,null,null,0,2014-10,170600
102001,United States,null,null,null,null,0,2014-11,171100
102001,United States,null,null,null,null,0,2014-12,171700
102001,United States,null,null,null,null,0,2015-01,172400
102001,United States,null,null,null,null,0,2015-02,173100
102001,United States,null,null,null,null,0,2015-03,173800
102001,United States,null,null,null,null,0,2015-04,174600
102001,United States,null,null,null,null,0,2015-05,175500
102001,United States,null,null,null,null,0,2015-06,176300
102001,United States,null,null,null,null,0,2015-07,177200
102001,United States,null,null,null,null,0,2015-08,177800
102001,United States,null,null,null,null,0,2015-09,178500
102001,United States,null,null,null,null,0,2015-10,179400
102001,United States,null,null,null,null,0,2015-11,180300
102001,United States,null,null,null,null,0,2015-12,181100
102001,United States,null,null,null,null,0,2016-01,181900
102001,United States,null,null,null,null,0,2016-02,182800
102001,United States,null,null,null,null,0,2016-03,183700
102001,United States,null,null,null,null,0,2016-04,184800
102001,United States,null,null,null,null,0,2016-05,185800
102001,United States,null,null,null,null,0,2016-06,187000
102001,United States,null,null,null,null,0,2016-07,187900
102001,United States,null,null,null,null,0,2016-08,189100
102001,United States,null,null,null,null,0,2016-09,190400
102001,United States,null,null,null,null,0,2016-10,191700
102001,United States,null,null,null,null,0,2016-11,192800
102001,United States,null,null,null,null,0,2016-12,193900
102001,United States,null,null,null,null,0,2017-01,195200
102001,United States,null,null,null,null,0,2017-02,196400
102001,United States,null,null,null,null,0,2017-03,197600
102001,United States,null,null,null,null,0,2017-04,199000
102001,United States,null,null,null,null,0,2017-05,200300
102001,United States,null,null,null,null,0,2017-06,201300
102001,United States,null,null,null,null,0,2017-07,202300
102001,United States,null,null,null,null,0,2017-08,203500
102001,United States,null,null,null,null,0,2017-09,204700
102001,United States,null,null,null,null,0,2017-10,205700
102001,United States,null,null,null,null,0,2017-11,206700
102001,United States,null,null,null,null,0,2017-12,207900
102001,United States,null,null,null,null,0,2018-01,209400
102001,United States,null,null,null,null,0,2018-02,211200
102001,United States,null,null,null,null,0,2018-03,212800
102001,United States,null,null,null,null,0,2018-04,214100
102001,United States,null,null,null,null,0,2018-05,215400
102001,United States,null,null,null,null,0,2018-06,216600
102001,United States,null,null,null,null,0,2018-07,217700
102001,United States,null,null,null,null,0,2018-08,218900
102001,United States,null,null,null,null,0,2018-09,220300
102001,United States,null,null,null,null,0,2018-10,221800
102001,United States,null,null,null,null,0,2018-11,223400
102001,United States,null,null,null,null,0,2018-12,225000
102001,United States,null,null,null,null,0,2019-01,226400
102001,United States,null,null,null,null,0,2019-02,227500
102001,United States,null,null,null,null,0,2019-03,227800
102001,United States,null,null,null,null,0,2019-04,227700
102001,United States,null,null,null,null,0,2019-05,227700
102001,United States,null,null,null,null,0,2019-06,228300
102001,United States,null,null,null,null,0,2019-07,229000
102001,United States,null,null,null,null,0,2019-08,229600
